OriginalLink,ConvertedFTPLink
https://www.optavia.com/webmedia/images/h3e/hcc/8797140484126.jpg,http://southjap.wwwmi3-ss49.a2hosted.com/usa/italy/spain/8797140484126.jpg
https://www.optavia.com/webmedia/images/ha8/h7c/8797140156446.jpg,http://southjap.wwwmi3-ss49.a2hosted.com/usa/italy/spain/8797140156446.jpg
https://www.optavia.com/webmedia/images/hab/hf4/8797140942878.jpg,http://southjap.wwwmi3-ss49.a2hosted.com/usa/italy/spain/8797140942878.jpg
https://www.optavia.com/webmedia/images/hc2/h5d/8797140090910.jpg,http://southjap.wwwmi3-ss49.a2hosted.com/usa/italy/spain/8797140090910.jpg
https://www.optavia.com/webmedia/images/h34/h15/8797139435550.jpg,http://southjap.wwwmi3-ss49.a2hosted.com/usa/italy/spain/8797139435550.jpg
https://www.optavia.com/webmedia/images/h67/h03/8797139664926.jpg,http://southjap.wwwmi3-ss49.a2hosted.com/usa/italy/spain/8797139664926.jpg
https://www.optavia.com/webmedia/images/h97/h4c/8797141073950.jpg,http://southjap.wwwmi3-ss49.a2hosted.com/usa/italy/spain/8797141073950.jpg
https://www.optavia.com/webmedia/images/h95/h3e/8797140451358.jpg,http://southjap.wwwmi3-ss49.a2hosted.com/usa/italy/spain/8797140451358.jpg
https://www.optavia.com/webmedia/images/h43/h8f/8797140877342.jpg,http://southjap.wwwmi3-ss49.a2hosted.com/usa/italy/spain/8797140877342.jpg
https://www.optavia.com/webmedia/images/h86/h3a/8797140353054.jpg,http://southjap.wwwmi3-ss49.a2hosted.com/usa/italy/spain/8797140353054.jpg
https://www.optavia.com/webmedia/images/hdc/h05/8797140254750.jpg,http://southjap.wwwmi3-ss49.a2hosted.com/usa/italy/spain/8797140254750.jpg
https://www.optavia.com/webmedia/images/hbe/h77/8797141008414.jpg,http://southjap.wwwmi3-ss49.a2hosted.com/usa/italy/spain/8797141008414.jpg
https://www.optavia.com/webmedia/images/ha9/h23/8797140680734.jpg,http://southjap.wwwmi3-ss49.a2hosted.com/usa/italy/spain/8797140680734.jpg
https://www.optavia.com/webmedia/images/h8e/hc6/8797139697694.jpg,http://southjap.wwwmi3-ss49.a2hosted.com/usa/italy/spain/8797139697694.jpg
https://www.optavia.com/webmedia/images/h74/h02/8797140746270.jpg,http://southjap.wwwmi3-ss49.a2hosted.com/usa/italy/spain/8797140746270.jpg
https://www.optavia.com/webmedia/images/h09/h91/8797141270558.jpg,http://southjap.wwwmi3-ss49.a2hosted.com/usa/italy/spain/8797141270558.jpg
https://www.optavia.com/webmedia/images/h4e/hf3/8797139468318.jpg,http://southjap.wwwmi3-ss49.a2hosted.com/usa/italy/spain/8797139468318.jpg
https://www.optavia.com/webmedia/images/h85/h1d/8797139927070.jpg,http://southjap.wwwmi3-ss49.a2hosted.com/usa/italy/spain/8797139927070.jpg
https://www.optavia.com/webmedia/images/h42/hf8/8797140910110.jpg,http://southjap.wwwmi3-ss49.a2hosted.com/usa/italy/spain/8797140910110.jpg
https://www.optavia.com/webmedia/images/h7b/h96/8797140615198.jpg,http://southjap.wwwmi3-ss49.a2hosted.com/usa/italy/spain/8797140615198.jpg
https://www.optavia.com/webmedia/images/hd9/hf0/8797141106718.jpg,http://southjap.wwwmi3-ss49.a2hosted.com/usa/italy/spain/8797141106718.jpg
https://www.optavia.com/webmedia/images/h7e/ha4/8797141237790.jpg,http://southjap.wwwmi3-ss49.a2hosted.com/usa/italy/spain/8797141237790.jpg
https://www.optavia.com/webmedia/images/ha6/h59/8797139632158.jpg,http://southjap.wwwmi3-ss49.a2hosted.com/usa/italy/spain/8797139632158.jpg
https://www.optavia.com/webmedia/images/he0/hb9/8797141205022.jpg,http://southjap.wwwmi3-ss49.a2hosted.com/usa/italy/spain/8797141205022.jpg
https://www.optavia.com/webmedia/images/h55/hc0/8797139599390.jpg,http://southjap.wwwmi3-ss49.a2hosted.com/usa/italy/spain/8797139599390.jpg
https://www.optavia.com/webmedia/images/h7f/h54/8797139828766.jpg,http://southjap.wwwmi3-ss49.a2hosted.com/usa/italy/spain/8797139828766.jpg
https://www.optavia.com/webmedia/images/h38/h56/8797141401630.jpg,http://southjap.wwwmi3-ss49.a2hosted.com/usa/italy/spain/8797141401630.jpg
https://www.optavia.com/webmedia/images/h25/hcb/8797140516894.jpg,http://southjap.wwwmi3-ss49.a2hosted.com/usa/italy/spain/8797140516894.jpg
https://www.optavia.com/webmedia/images/ha5/ha9/8797141041182.jpg,http://southjap.wwwmi3-ss49.a2hosted.com/usa/italy/spain/8797141041182.jpg
https://www.optavia.com/webmedia/images/h3c/ha9/8797139304478.jpg,http://southjap.wwwmi3-ss49.a2hosted.com/usa/italy/spain/8797139304478.jpg
